-- phpMyAdmin SQL Dump
-- version 5.2.0
-- https://www.phpmyadmin.net/
--
-- Host: 127.0.0.1
-- Waktu pembuatan: 22 Jun 2024 pada 17.03
-- Versi server: 10.4.27-MariaDB
-- Versi PHP: 8.2.0

SET SQL_MODE = "NO_AUTO_VALUE_ON_ZERO";
START TRANSACTION;
SET time_zone = "+00:00";


/*!40101 SET @OLD_CHARACTER_SET_CLIENT=@@CHARACTER_SET_CLIENT */;
/*!40101 SET @OLD_CHARACTER_SET_RESULTS=@@CHARACTER_SET_RESULTS */;
/*!40101 SET @OLD_COLLATION_CONNECTION=@@COLLATION_CONNECTION */;
/*!40101 SET NAMES utf8mb4 */;

--
-- Database: `rental_app`
--

-- --------------------------------------------------------

--
-- Struktur dari tabel `items`
--

CREATE TABLE `items` (
  `item_id` int(11) NOT NULL,
  `vendor_id` int(11) DEFAULT NULL,
  `item_name` varchar(100) NOT NULL,
  `description` text DEFAULT NULL,
  `price_per_day` decimal(10,2) NOT NULL,
  `image_url` text NOT NULL,
  `created_at` timestamp NOT NULL DEFAULT current_timestamp()
) ENGINE=InnoDB DEFAULT CHARSET=utf8mb4 COLLATE=utf8mb4_general_ci;

--
-- Dumping data untuk tabel `items`
--

INSERT INTO `items` (`item_id`, `vendor_id`, `item_name`, `description`, `price_per_day`, `image_url`, `created_at`) VALUES
(8, 1, 'Sepatu bola', 'sepatu bola ini memiliki kualitas yang sangat bagus', '20000.00', 'sepatu bola.jpg', '2024-06-20 16:15:50'),
(9, 1, 'Tenda Kemah', 'tenda ini sangat kokoh', '100000.00', 'tenda kemah.jpg', '2024-06-20 16:17:40'),
(10, 1, 'PS 5', 'PS 5 beserta paket game-game yang seru', '150000.00', 'ps5.jpg', '2024-06-20 16:19:26'),
(11, 2, 'Mobil Kijang Kapsul', 'Mobil dengan kondisi bagus, baru diservis minggu lalu. dijamin aman, nyaman, dan selamat sampai tujuan', '400000.00', 'Toyota-Kijang-Kapsul.jpg', '2024-06-21 09:11:55'),
(12, 2, 'sepeda motor beat', 'sepeda motor dengan kondisi bagus, baru diservis minggu lalu. dijamin aman, nyaman, dan selamat sampai tujuan', '75000.00', 'motor.jpg', '2024-06-21 10:45:12');

-- --------------------------------------------------------

--
-- Struktur dari tabel `orders`
--

CREATE TABLE `orders` (
  `order_id` int(11) NOT NULL,
  `user_id` int(11) DEFAULT NULL,
  `item_id` int(11) DEFAULT NULL,
  `status_id` int(11) DEFAULT NULL,
  `order_date` timestamp NOT NULL DEFAULT current_timestamp(),
  `return_date` timestamp NULL DEFAULT NULL,
  `total_price` decimal(10,2) DEFAULT NULL
) ENGINE=InnoDB DEFAULT CHARSET=utf8mb4 COLLATE=utf8mb4_general_ci;

--
-- Dumping data untuk tabel `orders`
--

INSERT INTO `orders` (`order_id`, `user_id`, `item_id`, `status_id`, `order_date`, `return_date`, `total_price`) VALUES
(7, 65, 8, 2, '2024-06-21 04:06:28', '2024-07-01 04:06:28', '200000.00'),
(8, 65, 10, 2, '2024-06-21 04:09:16', '2024-06-23 04:09:16', '300000.00'),
(10, 65, 10, 2, '2024-06-21 08:56:44', '2024-06-22 08:56:44', '150000.00'),
(11, 65, 11, 2, '2024-06-21 09:12:32', '2024-06-24 09:12:32', '1200000.00'),
(12, 70, 11, 4, '2024-06-21 10:00:35', '2024-06-28 10:00:35', '2800000.00'),
(13, 70, 10, 2, '2024-06-21 10:55:52', '2024-06-26 10:55:52', '750000.00'),
(14, 70, 8, 3, '2024-06-21 11:25:05', '2024-06-22 11:25:05', '20000.00'),
(15, 70, 12, 4, '2024-06-21 13:31:47', '2024-06-26 13:31:47', '375000.00'),
(16, 70, 9, 3, '2024-06-21 14:42:13', '2024-06-25 14:42:13', '400000.00');

-- --------------------------------------------------------

--
-- Struktur dari tabel `order_status`
--

CREATE TABLE `order_status` (
  `status_id` int(11) NOT NULL,
  `status_name` varchar(50) NOT NULL
) ENGINE=InnoDB DEFAULT CHARSET=utf8mb4 COLLATE=utf8mb4_general_ci;

--
-- Dumping data untuk tabel `order_status`
--

INSERT INTO `order_status` (`status_id`, `status_name`) VALUES
(1, 'Belum Bayar'),
(2, 'Diproses'),
(3, 'Disewakan'),
(4, 'Dikembalikan'),
(5, 'Selesai');

-- --------------------------------------------------------

--
-- Struktur dari tabel `ratings`
--

CREATE TABLE `ratings` (
  `rating_id` int(11) NOT NULL,
  `order_id` int(11) DEFAULT NULL,
  `user_id` int(11) DEFAULT NULL,
  `item_id` int(11) DEFAULT NULL,
  `rating` int(11) DEFAULT NULL CHECK (`rating` >= 1 and `rating` <= 5),
  `review` text DEFAULT NULL,
  `rating_date` timestamp NOT NULL DEFAULT current_timestamp()
) ENGINE=InnoDB DEFAULT CHARSET=utf8mb4 COLLATE=utf8mb4_general_ci;

-- --------------------------------------------------------

--
-- Struktur dari tabel `token`
--

CREATE TABLE `token` (
  `user_id` int(11) DEFAULT NULL,
  `access_token` varchar(450) NOT NULL,
  `refresh_token` varchar(450) NOT NULL,
  `status` tinyint(1) DEFAULT NULL,
  `created_date` datetime DEFAULT NULL
) ENGINE=InnoDB DEFAULT CHARSET=utf8mb4 COLLATE=utf8mb4_general_ci;

--
-- Dumping data untuk tabel `token`
--

INSERT INTO `token` (`user_id`, `access_token`, `refresh_token`, `status`, `created_date`) VALUES
(65, 'eyJhbGciOiJIUzI1NiIsInR5cCI6IkpXVCJ9.eyJleHAiOjE3MTg4NzQ5NjIsInN1YiI6IjY1In0.IVnKtL9Olg5XM5-Q0J0_0zynzdH3RqbSI7Ux1eRwG3c', 'eyJhbGciOiJIUzI1NiIsInR5cCI6IkpXVCJ9.eyJleHAiOjE3MTk0Nzc5NjIsInN1YiI6IjY1In0.hxG7gtpfSBOeyKaq4uLcW1du_wMv-7k7R9OLhXncib0', 1, '2024-06-20 15:46:02'),
(65, 'eyJhbGciOiJIUzI1NiIsInR5cCI6IkpXVCJ9.eyJleHAiOjE3MTg4OTE0OTEsInN1YiI6IjY1In0.OQU5ZGbQw3fQMZh5rx34sDo7WLilFrR_VzZklNSUW2o', 'eyJhbGciOiJIUzI1NiIsInR5cCI6IkpXVCJ9.eyJleHAiOjE3MTk0OTQ0OTEsInN1YiI6IjY1In0.0bleovX5Hij6yergKUSR4Ow94ohCcGTrzt-yUuAUKYY', 1, '2024-06-20 20:21:31'),
(65, 'eyJhbGciOiJIUzI1NiIsInR5cCI6IkpXVCJ9.eyJleHAiOjE3MTg4OTE0OTMsInN1YiI6IjY1In0.Esmb87Tw0_NX1nOFER6n5TUc8NZSyA87uxib0bo6yio', 'eyJhbGciOiJIUzI1NiIsInR5cCI6IkpXVCJ9.eyJleHAiOjE3MTk0OTQ0OTMsInN1YiI6IjY1In0.raTcZD1P9qeGmUwdgfLmGe1cO3R-9LmnGGyT3w8hzno', 1, '2024-06-20 20:21:33'),
(65, 'eyJhbGciOiJIUzI1NiIsInR5cCI6IkpXVCJ9.eyJleHAiOjE3MTg4OTE1MTEsInN1YiI6IjY1In0.NmUq1NbpOWwiABobeDD4-FG_EJabuVEmyuZ3AxV7lPg', 'eyJhbGciOiJIUzI1NiIsInR5cCI6IkpXVCJ9.eyJleHAiOjE3MTk0OTQ1MTEsInN1YiI6IjY1In0._yXc_q6B6hpNnE9w3_5EhbQzDEJjYuNO3XCi8cUL8gw', 1, '2024-06-20 20:21:51'),
(65, 'eyJhbGciOiJIUzI1NiIsInR5cCI6IkpXVCJ9.eyJleHAiOjE3MTg4OTE2OTQsInN1YiI6IjY1In0.yCRlgW7flKEAJr2LjM1BJh8ei4oQuG6oV7QSWnAC9Ds', 'eyJhbGciOiJIUzI1NiIsInR5cCI6IkpXVCJ9.eyJleHAiOjE3MTk0OTQ2OTQsInN1YiI6IjY1In0.Zct_JUsnUOPpsNrlwiQud_jnB8RVpgrLv15J45Addl8', 1, '2024-06-20 20:24:54'),
(65, 'eyJhbGciOiJIUzI1NiIsInR5cCI6IkpXVCJ9.eyJleHAiOjE3MTg4OTE3MjQsInN1YiI6IjY1In0.ZpV08RFHLghyvwvhmBpwsQEcJ_RKTfMa_fdjGXoZm6Y', 'eyJhbGciOiJIUzI1NiIsInR5cCI6IkpXVCJ9.eyJleHAiOjE3MTk0OTQ3MjQsInN1YiI6IjY1In0.d1W_gYJWOVNz2kxYBGyY63r8Zbsk_LjDEIj2hTIAdHo', 1, '2024-06-20 20:25:24'),
(65, 'eyJhbGciOiJIUzI1NiIsInR5cCI6IkpXVCJ9.eyJleHAiOjE3MTg4OTE4NjUsInN1YiI6IjY1In0.w2VTk6cX-dtVEEpk95A9hxMfMNFaQ3xcPW-3214Q2rQ', 'eyJhbGciOiJIUzI1NiIsInR5cCI6IkpXVCJ9.eyJleHAiOjE3MTk0OTQ4NjUsInN1YiI6IjY1In0.6jlKppOkpSAvTeJHdXdObttiIMY_rGQwM9u6PYTju-k', 1, '2024-06-20 20:27:45'),
(65, 'eyJhbGciOiJIUzI1NiIsInR5cCI6IkpXVCJ9.eyJleHAiOjE3MTg4OTEwODAsInN1YiI6IjY1In0.JciF82B3h6mW18x4SCfSMl41F4-Xq4XtqvBApEFsedM', 'eyJhbGciOiJIUzI1NiIsInR5cCI6IkpXVCJ9.eyJleHAiOjE3MTk0OTQwODEsInN1YiI6IjY1In0.f9PjmJRNEAv6BIau1uM3S2ggBq2_XD7YVIagyzIfY20', 1, '2024-06-20 20:14:41'),
(65, 'eyJhbGciOiJIUzI1NiIsInR5cCI6IkpXVCJ9.eyJleHAiOjE3MTg4OTExNjAsInN1YiI6IjY1In0.FEL5V_Pi859ktxZk_cFWoaIvf8CNz7wL4b1E9-tgClU', 'eyJhbGciOiJIUzI1NiIsInR5cCI6IkpXVCJ9.eyJleHAiOjE3MTk0OTQxNjAsInN1YiI6IjY1In0.Ccsc_JAxY4pOtIMgPQrMoTYwMV32X2za7Qk1XEA3f0o', 1, '2024-06-20 20:16:00'),
(65, 'eyJhbGciOiJIUzI1NiIsInR5cCI6IkpXVCJ9.eyJleHAiOjE3MTg4OTExNTQsInN1YiI6IjY1In0.B7hfvME7uAgxE-29MkX-uPIdBJHwia29YWi-sPjpwcY', 'eyJhbGciOiJIUzI1NiIsInR5cCI6IkpXVCJ9.eyJleHAiOjE3MTk0OTQxNTQsInN1YiI6IjY1In0.-JZH_Uq4cH_VmG3fCVwL8ephtsVfp0eJ6qSsW7VS0ls', 1, '2024-06-20 20:15:54'),
(65, 'eyJhbGciOiJIUzI1NiIsInR5cCI6IkpXVCJ9.eyJleHAiOjE3MTg4OTIyMDIsInN1YiI6IjY1In0.32sNP0i0Qk0iK3vshERqWs9EjWSzL7e60PPqJ9dO9Kk', 'eyJhbGciOiJIUzI1NiIsInR5cCI6IkpXVCJ9.eyJleHAiOjE3MTk0OTUyMDIsInN1YiI6IjY1In0.7guuQaorKQjqCRrUmRVKdVbvcbfxa5vpsbbDFHIFyi8', 1, '2024-06-20 20:33:22'),
(65, 'eyJhbGciOiJIUzI1NiIsInR5cCI6IkpXVCJ9.eyJleHAiOjE3MTg4OTIyOTMsInN1YiI6IjY1In0.4bt5AmCxj6oPvCKb1rEsSfYBLInz4Trr3WSWcl_O_No', 'eyJhbGciOiJIUzI1NiIsInR5cCI6IkpXVCJ9.eyJleHAiOjE3MTk0OTUyOTMsInN1YiI6IjY1In0.cvMw01OOWTcF6RsrOKdWnV2YfSUidNVFGjsMcnSgkeg', 1, '2024-06-20 20:34:53'),
(65, 'eyJhbGciOiJIUzI1NiIsInR5cCI6IkpXVCJ9.eyJleHAiOjE3MTg4OTk5ODcsInN1YiI6IjY1In0.KNXS4LiLxbhPPK6hPvEyDUNg6kiopmy8LMMd-FMLHMw', 'eyJhbGciOiJIUzI1NiIsInR5cCI6IkpXVCJ9.eyJleHAiOjE3MTk1MDI5ODcsInN1YiI6IjY1In0.-zI-pzj2Oi-B5XFlcI9RjoSoc92lRhrPa38LABbJQRQ', 1, '2024-06-20 22:43:07'),
(65, 'eyJhbGciOiJIUzI1NiIsInR5cCI6IkpXVCJ9.eyJleHAiOjE3MTg4OTYyODMsInN1YiI6IjY1In0.tY9jCLVhTaXhqH12DnsBVC8pqJIVU0w0RNFf2_gZqwg', 'eyJhbGciOiJIUzI1NiIsInR5cCI6IkpXVCJ9.eyJleHAiOjE3MTk0OTkyODMsInN1YiI6IjY1In0.8v3A57DdQ-y2HLsit59S218PtygieCpL1VoxwAaWa2k', 1, '2024-06-20 21:41:23'),
(65, 'eyJhbGciOiJIUzI1NiIsInR5cCI6IkpXVCJ9.eyJleHAiOjE3MTg5MDA2NDEsInN1YiI6IjY1In0.0A5JX9zni3se0bTJWzkGHxgwkBqVR115R6-xl8QDNjc', 'eyJhbGciOiJIUzI1NiIsInR5cCI6IkpXVCJ9.eyJleHAiOjE3MTk1MDM2NDEsInN1YiI6IjY1In0.ffvRVZy0g68tsoLqEQ2SOTtu7FqzM6nzKQBmFoJZDbk', 1, '2024-06-20 22:54:01'),
(65, 'eyJhbGciOiJIUzI1NiIsInR5cCI6IkpXVCJ9.eyJleHAiOjE3MTg5MDA2NjgsInN1YiI6IjY1In0.VTDB6kV_mgOXYHHPTV8NRovMJx15qV_O2PMIyQyz7bc', 'eyJhbGciOiJIUzI1NiIsInR5cCI6IkpXVCJ9.eyJleHAiOjE3MTk1MDM2NjgsInN1YiI6IjY1In0.MVgv_BEg2-FkHzvQaI25eKCIjBGlK3P5Y29zBcNglI4', 1, '2024-06-20 22:54:28'),
(65, 'eyJhbGciOiJIUzI1NiIsInR5cCI6IkpXVCJ9.eyJleHAiOjE3MTg5MDA4MjgsInN1YiI6IjY1In0.aV1tfoww4T2S6fdH_jt3a7ruxcxMy2jnD_-1tAL6Vt4', 'eyJhbGciOiJIUzI1NiIsInR5cCI6IkpXVCJ9.eyJleHAiOjE3MTk1MDM4MjgsInN1YiI6IjY1In0.3RS1MhWqONJkzbaWj2c1IptHSNRyRHMRT7vnYIQ_FfQ', 1, '2024-06-20 22:57:08'),
(65, 'eyJhbGciOiJIUzI1NiIsInR5cCI6IkpXVCJ9.eyJleHAiOjE3MTg5MDA5ODcsInN1YiI6IjY1In0.S-ynld3rgZUS5kMhdps1iWb5ZXCISZxXqYuyBEeNQU0', 'eyJhbGciOiJIUzI1NiIsInR5cCI6IkpXVCJ9.eyJleHAiOjE3MTk1MDM5ODcsInN1YiI6IjY1In0.1V-QvMpJg3ARAekdDcBJ7eQfIUXNC45HbbuQm_1R6jE', 1, '2024-06-20 22:59:47'),
(65, 'eyJhbGciOiJIUzI1NiIsInR5cCI6IkpXVCJ9.eyJleHAiOjE3MTg5MDE1MzksInN1YiI6IjY1In0.8_NLBRfG2yxbYKvjuUfMoVVBhAnLa7IA3CTzmOswlZM', 'eyJhbGciOiJIUzI1NiIsInR5cCI6IkpXVCJ9.eyJleHAiOjE3MTk1MDQ1MzksInN1YiI6IjY1In0.7NflwF31Dg0r4SXFnuCziE_1_2xxZfFkfa4jCm0guBo', 1, '2024-06-20 23:08:59'),
(65, 'eyJhbGciOiJIUzI1NiIsInR5cCI6IkpXVCJ9.eyJleHAiOjE3MTg5MDE2OTgsInN1YiI6IjY1In0.ySArsDVPGdBrzlnBAuxpD7yEP56zLtlj9Bi9Ldychnk', 'eyJhbGciOiJIUzI1NiIsInR5cCI6IkpXVCJ9.eyJleHAiOjE3MTk1MDQ2OTgsInN1YiI6IjY1In0.Kb4rw9VVwSSHbBy5ctXh5kQ95gbbzJFvAk5IicUb7uY', 1, '2024-06-20 23:11:38'),
(65, 'eyJhbGciOiJIUzI1NiIsInR5cCI6IkpXVCJ9.eyJleHAiOjE3MTg5MDE3MzksInN1YiI6IjY1In0.DIm4kgkVnLWgSL6WHoKeK8vGlpHfiebsHj2m2tIpAsA', 'eyJhbGciOiJIUzI1NiIsInR5cCI6IkpXVCJ9.eyJleHAiOjE3MTk1MDQ3MzksInN1YiI6IjY1In0.hvonuadlr9Y8fgdQLOXGb4iRgV_Bdf5CfSIDo3aCM0c', 1, '2024-06-20 23:12:19'),
(65, 'eyJhbGciOiJIUzI1NiIsInR5cCI6IkpXVCJ9.eyJleHAiOjE3MTg5MDE4NDAsInN1YiI6IjY1In0.l2-GVWs8KHUNIYDLcgl7ddivA5fzxK3br7XNYmWjaT8', 'eyJhbGciOiJIUzI1NiIsInR5cCI6IkpXVCJ9.eyJleHAiOjE3MTk1MDQ4NDAsInN1YiI6IjY1In0.LGKn_ld8Zf-r1Fy7Lt8phYA8D0Eltg9N-XcelmFLCCc', 1, '2024-06-20 23:14:00'),
(65, 'eyJhbGciOiJIUzI1NiIsInR5cCI6IkpXVCJ9.eyJleHAiOjE3MTg5MDExMzEsInN1YiI6IjY1In0.3aMrAunJdlQWKQ8c94CYtUZtbfjNz33gWyQdkmi9uco', 'eyJhbGciOiJIUzI1NiIsInR5cCI6IkpXVCJ9.eyJleHAiOjE3MTk1MDQxMzEsInN1YiI6IjY1In0.nDVrCBX-uuleUkMHVswjonbxcs4ngcL1eiUVCzzjle0', 1, '2024-06-20 23:02:11'),
(65, 'eyJhbGciOiJIUzI1NiIsInR5cCI6IkpXVCJ9.eyJleHAiOjE3MTg5MDI1NDIsInN1YiI6IjY1In0.jtbW0AgrNBZ8qtxNlD3sZlrwN-9YB_siQ1-_N6IuJK4', 'eyJhbGciOiJIUzI1NiIsInR5cCI6IkpXVCJ9.eyJleHAiOjE3MTk1MDU1NDIsInN1YiI6IjY1In0.Wjep1V8hZFLNRN2kbhMOZLOVXkGgFLmo9GW1-grHHSM', 1, '2024-06-20 23:25:42'),
(65, 'eyJhbGciOiJIUzI1NiIsInR5cCI6IkpXVCJ9.eyJleHAiOjE3MTg5MDI1OTMsInN1YiI6IjY1In0._kC4gl3d6P90P9bOBEbu12Q0MVJmNcxVnoPUWkiAU-s', 'eyJhbGciOiJIUzI1NiIsInR5cCI6IkpXVCJ9.eyJleHAiOjE3MTk1MDU1OTMsInN1YiI6IjY1In0.K8Y_BytGVxC6hIMhH7T4dwwU4D9umo5MBeRQI3GX37A', 1, '2024-06-20 23:26:33'),
(65, 'eyJhbGciOiJIUzI1NiIsInR5cCI6IkpXVCJ9.eyJleHAiOjE3MTg5MDI2MjQsInN1YiI6IjY1In0.6kowP27wOBA77HERsC7TGRqjoUXEHWtwv0AsAgXFzt4', 'eyJhbGciOiJIUzI1NiIsInR5cCI6IkpXVCJ9.eyJleHAiOjE3MTk1MDU2MjQsInN1YiI6IjY1In0.-r-TWncT4rAz2CpY1AQw_uwYyKGAoiv74_VT4lPhe94', 1, '2024-06-20 23:27:04'),
(65, 'eyJhbGciOiJIUzI1NiIsInR5cCI6IkpXVCJ9.eyJleHAiOjE3MTg5MDIzOTksInN1YiI6IjY1In0.BICQGzEOArKmY162YoxU--3VDUc7XhLCSBNyP7CrVhA', 'eyJhbGciOiJIUzI1NiIsInR5cCI6IkpXVCJ9.eyJleHAiOjE3MTk1MDUzOTksInN1YiI6IjY1In0.TBwhZNAARO_PuWpgc2QJSnfDQKyWwhOW12UPM3wSINg', 1, '2024-06-20 23:23:19'),
(65, 'eyJhbGciOiJIUzI1NiIsInR5cCI6IkpXVCJ9.eyJleHAiOjE3MTg5Mzk3NTgsInN1YiI6IjY1In0.M3gvd_IBy7uWuV6DbQuUim33mxwQuOqN3g4tRHXL6CY', 'eyJhbGciOiJIUzI1NiIsInR5cCI6IkpXVCJ9.eyJleHAiOjE3MTk1NDI3NTgsInN1YiI6IjY1In0.FE-k8wURxHzcKOrNZbpO3x9m7FZNmZh2xHIFiGmZM5c', 1, '2024-06-21 09:45:58'),
(65, 'eyJhbGciOiJIUzI1NiIsInR5cCI6IkpXVCJ9.eyJleHAiOjE3MTg5MzkxODMsInN1YiI6IjY1In0.B1TgkIsiFknSdWscHkW2sO4RE5A9bpdXU6YCnjCMNcU', 'eyJhbGciOiJIUzI1NiIsInR5cCI6IkpXVCJ9.eyJleHAiOjE3MTk1NDIxODMsInN1YiI6IjY1In0.S82EocKUcYpGi66vfSV-adBllspgTdVercGXiIxwHyc', 1, '2024-06-21 09:36:23'),
(65, 'eyJhbGciOiJIUzI1NiIsInR5cCI6IkpXVCJ9.eyJleHAiOjE3MTg5NDM1NDgsInN1YiI6IjY1In0.ynmb5JB37Bdk31uygT3vjJ6MOwCRs0asVKVcixHNCCY', 'eyJhbGciOiJIUzI1NiIsInR5cCI6IkpXVCJ9.eyJleHAiOjE3MTk1NDY1NDgsInN1YiI6IjY1In0.2_FQGfq-2rwVUU_T5K_TJsPDdegAg8Wcw1Rr5xO8iHc', 1, '2024-06-21 10:49:08'),
(65, 'eyJhbGciOiJIUzI1NiIsInR5cCI6IkpXVCJ9.eyJleHAiOjE3MTg5NDM2NzMsInN1YiI6IjY1In0.1vEjn-HOKRyid_kKJ9svbNRUB0trafMdf03XyKdH3_E', 'eyJhbGciOiJIUzI1NiIsInR5cCI6IkpXVCJ9.eyJleHAiOjE3MTk1NDY2NzMsInN1YiI6IjY1In0.9YFZwmVvHijN_gTprOroSORp-qTzPf1FH-5kF5mtULE', 1, '2024-06-21 10:51:13'),
(65, 'eyJhbGciOiJIUzI1NiIsInR5cCI6IkpXVCJ9.eyJleHAiOjE3MTg5NDM3NTksInN1YiI6IjY1In0.tsuyoEMAJZ0gsyLolTTXYHjRjcWvODi44q4Zxw4pBiY', 'eyJhbGciOiJIUzI1NiIsInR5cCI6IkpXVCJ9.eyJleHAiOjE3MTk1NDY3NTksInN1YiI6IjY1In0.hn3GL7cS54zoRXUoSwJE4VosSlDt6k54kL8opX32SVs', 1, '2024-06-21 10:52:39'),
(65, 'eyJhbGciOiJIUzI1NiIsInR5cCI6IkpXVCJ9.eyJleHAiOjE3MTg5NDM3NTYsInN1YiI6IjY1In0.xUoiee8Ykt8-RN_fTJLByFtybSl1R_ezD8imqyLoR1w', 'eyJhbGciOiJIUzI1NiIsInR5cCI6IkpXVCJ9.eyJleHAiOjE3MTk1NDY3NTYsInN1YiI6IjY1In0.e5DZ1yGYvhVueNLpy5HIhIQV8ObiWQ03n-TpPE8cudo', 1, '2024-06-21 10:52:36'),
(65, 'eyJhbGciOiJIUzI1NiIsInR5cCI6IkpXVCJ9.eyJleHAiOjE3MTg5NDMxMzUsInN1YiI6IjY1In0.awcfsKkj0gFFBfjcIpGj3kdbwyTbGExu0lRejl9-jns', 'eyJhbGciOiJIUzI1NiIsInR5cCI6IkpXVCJ9.eyJleHAiOjE3MTk1NDYxMzUsInN1YiI6IjY1In0.BTGdX0bf5pSHi-4yDaoJ8d2Zu-NZcxwnCJJOMP5OncI', 1, '2024-06-21 10:42:15'),
(65, 'eyJhbGciOiJIUzI1NiIsInR5cCI6IkpXVCJ9.eyJleHAiOjE3MTg5NDMyNzEsInN1YiI6IjY1In0.aR9gjAVrAYtaX4mtDeyvROdc9GL49llMjstSx_c7QW0', 'eyJhbGciOiJIUzI1NiIsInR5cCI6IkpXVCJ9.eyJleHAiOjE3MTk1NDYyNzEsInN1YiI6IjY1In0.ghBPyD3OlfXx_Fm5ksWQvq6kVHIi-oVuC-ZhTPLGuH8', 1, '2024-06-21 10:44:31'),
(65, 'eyJhbGciOiJIUzI1NiIsInR5cCI6IkpXVCJ9.eyJleHAiOjE3MTg5NDQ0MzYsInN1YiI6IjY1In0.9_whNlw3FTBj7p9PxXJR5ZwVxQTbj7uXdPorEBY0tPY', 'eyJhbGciOiJIUzI1NiIsInR5cCI6IkpXVCJ9.eyJleHAiOjE3MTk1NDc0MzYsInN1YiI6IjY1In0.q953GIsGSAvOqe1s_msf0YQIozhAXD6-O3WHSJOxlRI', 1, '2024-06-21 11:03:56'),
(65, 'eyJhbGciOiJIUzI1NiIsInR5cCI6IkpXVCJ9.eyJleHAiOjE3MTg5NDQ1NzYsInN1YiI6IjY1In0.H_T4uvv7suVVNVp2yPAMoMvVnjuTPvvQzvH7KUeGKU0', 'eyJhbGciOiJIUzI1NiIsInR5cCI6IkpXVCJ9.eyJleHAiOjE3MTk1NDc1NzYsInN1YiI6IjY1In0.4CJS3okxfxDvlZDOLA6C4YUlDh7gsZ1mkjnSYVK7V64', 1, '2024-06-21 11:06:16'),
(65, 'eyJhbGciOiJIUzI1NiIsInR5cCI6IkpXVCJ9.eyJleHAiOjE3MTg5NDQ3MzksInN1YiI6IjY1In0.t6PnX-twfmjNDwMu44GIndUgSbnZJsRFxwv92ORDmjM', 'eyJhbGciOiJIUzI1NiIsInR5cCI6IkpXVCJ9.eyJleHAiOjE3MTk1NDc3MzksInN1YiI6IjY1In0.5s_cLCgAO7QJC92OMCab_C_khfozzStjCRaJcGMLZ7c', 1, '2024-06-21 11:08:59'),
(65, 'eyJhbGciOiJIUzI1NiIsInR5cCI6IkpXVCJ9.eyJleHAiOjE3MTg5NDQxMDIsInN1YiI6IjY1In0.OxAOZqdSWjI8FXEfKSbmKdzM_IzuRdCA4CJS8T4E_NQ', 'eyJhbGciOiJIUzI1NiIsInR5cCI6IkpXVCJ9.eyJleHAiOjE3MTk1NDcxMDIsInN1YiI6IjY1In0.8Mnyn1saFmSKgEWuGIzhLeFDcIwJtyj7OL5M6qVO64o', 1, '2024-06-21 10:58:22'),
(65, 'eyJhbGciOiJIUzI1NiIsInR5cCI6IkpXVCJ9.eyJleHAiOjE3MTg5NDQyMDAsInN1YiI6IjY1In0._YBRtpN0wQRIfvYKhLFvhsYV8TpKtllPJbjQz4KZg58', 'eyJhbGciOiJIUzI1NiIsInR5cCI6IkpXVCJ9.eyJleHAiOjE3MTk1NDcyMDAsInN1YiI6IjY1In0.xwBGdKI2m_EL6CowqyYWkojkD_hIsE2rWRJy2HjZ7Qg', 1, '2024-06-21 11:00:00'),
(70, 'eyJhbGciOiJIUzI1NiIsInR5cCI6IkpXVCJ9.eyJleHAiOjE3MTg5Njc1MTcsInN1YiI6IjcwIn0.4C9D8sOn4NMiv7yuIizlPkauVq7BZxc7nGPZY4d3mZg', 'eyJhbGciOiJIUzI1NiIsInR5cCI6IkpXVCJ9.eyJleHAiOjE3MTk1NzA1MTcsInN1YiI6IjcwIn0.sELG6VG9e8yfUHo02hiIwkn7KhOslMKJY_xDsmF55xQ', 1, '2024-06-21 17:28:37'),
(70, 'eyJhbGciOiJIUzI1NiIsInR5cCI6IkpXVCJ9.eyJleHAiOjE3MTg5Njc2NzQsInN1YiI6IjcwIn0.qgvXAGtEoj7M6nSdNKyDbxYDak1JwuvaB8lQGTL5yUo', 'eyJhbGciOiJIUzI1NiIsInR5cCI6IkpXVCJ9.eyJleHAiOjE3MTk1NzA2NzQsInN1YiI6IjcwIn0.8SNpK14TzWKjh2faaTbF6C-daXRTd3pz0fDE-O0LZis', 1, '2024-06-21 17:31:14'),
(70, 'eyJhbGciOiJIUzI1NiIsInR5cCI6IkpXVCJ9.eyJleHAiOjE3MTg5Njc4NTcsInN1YiI6IjcwIn0.8W85StCPh2uuh64KL4CC47ZMe5pao2WV3KarbmgF8lc', 'eyJhbGciOiJIUzI1NiIsInR5cCI6IkpXVCJ9.eyJleHAiOjE3MTk1NzA4NTcsInN1YiI6IjcwIn0.rbR7kAsLNN46R_ASl-1BbpP9Y0QLviYwCqjwbkAnL-U', 1, '2024-06-21 17:34:17'),
(70, 'eyJhbGciOiJIUzI1NiIsInR5cCI6IkpXVCJ9.eyJleHAiOjE3MTg5NjcxNjcsInN1YiI6IjcwIn0.Hj6EflyFnQjXbQAOgBDOytCDkc9EnaodUzWzMUI6iM0', 'eyJhbGciOiJIUzI1NiIsInR5cCI6IkpXVCJ9.eyJleHAiOjE3MTk1NzAxNjcsInN1YiI6IjcwIn0.r26kLYWZtCCzwZnMKcDigBk8EFKFrTVpt6I81mCBrEc', 1, '2024-06-21 17:22:47'),
(70, 'eyJhbGciOiJIUzI1NiIsInR5cCI6IkpXVCJ9.eyJleHAiOjE3MTg5NjczMjQsInN1YiI6IjcwIn0.nbcTqec6bPI9BW5nMk89g-pBWQkjVfqEcF4KwqrHy30', 'eyJhbGciOiJIUzI1NiIsInR5cCI6IkpXVCJ9.eyJleHAiOjE3MTk1NzAzMjQsInN1YiI6IjcwIn0.6lCa3CyK8VLtCu2e4aWErmFjXh1BHrMOhpYAYwF6yMY', 1, '2024-06-21 17:25:24'),
(65, 'eyJhbGciOiJIUzI1NiIsInR5cCI6IkpXVCJ9.eyJleHAiOjE3MTg5NjE2MjQsInN1YiI6IjY1In0.ehtMSyY_FijUkdVRT9MaaKS8y7PjC3dEcdvwrC4PYrw', 'eyJhbGciOiJIUzI1NiIsInR5cCI6IkpXVCJ9.eyJleHAiOjE3MTk1NjQ2MjQsInN1YiI6IjY1In0.1ke0jVHmFJIy1WzOyImJlNXRUvMlsenesg7OrpwbsL8', 1, '2024-06-21 15:50:24'),
(65, 'eyJhbGciOiJIUzI1NiIsInR5cCI6IkpXVCJ9.eyJleHAiOjE3MTg5NjE3OTYsInN1YiI6IjY1In0.6e2DFjepR2jWIiQ31qzjUEug9LkJWJJYxMV0OoF_KS4', 'eyJhbGciOiJIUzI1NiIsInR5cCI6IkpXVCJ9.eyJleHAiOjE3MTk1NjQ3OTYsInN1YiI6IjY1In0.YHCNCb-WpnSd70-4cm42JJ3MDHPPRqtWoB3htA7AWro', 1, '2024-06-21 15:53:16'),
(65, 'eyJhbGciOiJIUzI1NiIsInR5cCI6IkpXVCJ9.eyJleHAiOjE3MTg5NjE4OTUsInN1YiI6IjY1In0._V-8BpPDM8FHaPqXSjtt4BoGmuULORP7DFjm9rIZ0e0', 'eyJhbGciOiJIUzI1NiIsInR5cCI6IkpXVCJ9.eyJleHAiOjE3MTk1NjQ4OTUsInN1YiI6IjY1In0.HtlZEdfvuTlmM-jfVras4MACdYNxAiUqiMBXZTwgeco', 1, '2024-06-21 15:54:55'),
(65, 'eyJhbGciOiJIUzI1NiIsInR5cCI6IkpXVCJ9.eyJleHAiOjE3MTg5NjE5NzYsInN1YiI6IjY1In0.TzcocCLFUAWa3Xfx5XsYHZP4z_I2foJcu1FaAG0fUCk', 'eyJhbGciOiJIUzI1NiIsInR5cCI6IkpXVCJ9.eyJleHAiOjE3MTk1NjQ5NzYsInN1YiI6IjY1In0.quVpFaHfuGV3ESPUv5bKDX37IgXvlIPHNp3OokG4V3k', 1, '2024-06-21 15:56:16'),
(70, 'eyJhbGciOiJIUzI1NiIsInR5cCI6IkpXVCJ9.eyJleHAiOjE3MTg5Njg0MjEsInN1YiI6IjcwIn0.H62SslDqyiw1C_GxwN4Fq8dU4J8opzGsccMsdPMMC7Q', 'eyJhbGciOiJIUzI1NiIsInR5cCI6IkpXVCJ9.eyJleHAiOjE3MTk1NzE0MjEsInN1YiI6IjcwIn0.zcCEBaNqGeRdhR2XOjDrUUBTWTXAyBo65MMfT5Wu0iA', 1, '2024-06-21 17:43:41'),
(70, 'eyJhbGciOiJIUzI1NiIsInR5cCI6IkpXVCJ9.eyJleHAiOjE3MTg5Njg3NzEsInN1YiI6IjcwIn0.LEaNPBgbuI-06n6WS5HbbOZ1caiCr96aoHWJFEaI_Q8', 'eyJhbGciOiJIUzI1NiIsInR5cCI6IkpXVCJ9.eyJleHAiOjE3MTk1NzE3NzEsInN1YiI6IjcwIn0.DRGvebSm15w00zJsnKQEF_oeUb8BMeT46UmeELioyMw', 1, '2024-06-21 17:49:31'),
(70, 'eyJhbGciOiJIUzI1NiIsInR5cCI6IkpXVCJ9.eyJleHAiOjE3MTg5Njg4MTAsInN1YiI6IjcwIn0.W895Br4lTUpmwoeF6MxBym4YB2R5Pq-ssbP1d7N0nh8', 'eyJhbGciOiJIUzI1NiIsInR5cCI6IkpXVCJ9.eyJleHAiOjE3MTk1NzE4MTAsInN1YiI6IjcwIn0.vOaLkhuc5sHHYVfxJxM8zHVy0xQ_mgC3GIkuZbv0mrE', 1, '2024-06-21 17:50:10'),
(70, 'eyJhbGciOiJIUzI1NiIsInR5cCI6IkpXVCJ9.eyJleHAiOjE3MTg5Njg5MzYsInN1YiI6IjcwIn0.ZmM4XOGyPgTGJXuE7s2XmxOEkDJccY_jAkjr6d_KV_o', 'eyJhbGciOiJIUzI1NiIsInR5cCI6IkpXVCJ9.eyJleHAiOjE3MTk1NzE5MzYsInN1YiI6IjcwIn0.pgtGsLg5cz3DERjT_eWPOa4609SJtNoN2vFPT0YxwnE', 1, '2024-06-21 17:52:16'),
(70, 'eyJhbGciOiJIUzI1NiIsInR5cCI6IkpXVCJ9.eyJleHAiOjE3MTg5Njg5NjMsInN1YiI6IjcwIn0.QLPEibDYC9CtDtXzJMxDc_pp1SFlrXr-HoSWmTOyZ6o', 'eyJhbGciOiJIUzI1NiIsInR5cCI6IkpXVCJ9.eyJleHAiOjE3MTk1NzE5NjMsInN1YiI6IjcwIn0.HGtsp6CvlTSkkuFH88hR83GP_x_IEOhQ17-QGHx1_k0', 1, '2024-06-21 17:52:43'),
(70, 'eyJhbGciOiJIUzI1NiIsInR5cCI6IkpXVCJ9.eyJleHAiOjE3MTg5NjgwNjMsInN1YiI6IjcwIn0.2UEqHk7ZrTyCowG0lnvHRBvonC-SGwHEI862Ahb_dog', 'eyJhbGciOiJIUzI1NiIsInR5cCI6IkpXVCJ9.eyJleHAiOjE3MTk1NzEwNjMsInN1YiI6IjcwIn0.A75U2vreLDXBKRtWYZc_A4VmqLgI5v84tZ69B8pp_ow', 1, '2024-06-21 17:37:43'),
(70, 'eyJhbGciOiJIUzI1NiIsInR5cCI6IkpXVCJ9.eyJleHAiOjE3MTg5NjgxMDYsInN1YiI6IjcwIn0.frpPZin0P_BEfTUjTgpVAMJqhUJEvJjd7MQ2gs_7MOc', 'eyJhbGciOiJIUzI1NiIsInR5cCI6IkpXVCJ9.eyJleHAiOjE3MTk1NzExMDYsInN1YiI6IjcwIn0.HiwplSmaLb1WA6qDRyZDGTeVO01u4d1odDVP1CCzBhQ', 1, '2024-06-21 17:38:26'),
(70, 'eyJhbGciOiJIUzI1NiIsInR5cCI6IkpXVCJ9.eyJleHAiOjE3MTg5NjgxODYsInN1YiI6IjcwIn0.VMd14zxz8BtqYKaxI4Elt3n7VkZtiZhgyYJyXe4S9ww', 'eyJhbGciOiJIUzI1NiIsInR5cCI6IkpXVCJ9.eyJleHAiOjE3MTk1NzExODYsInN1YiI6IjcwIn0.Ug1AuSmF1UZ8AwklZHAS4o87HoTsngUcu_idozT3V6M', 1, '2024-06-21 17:39:46'),
(70, 'eyJhbGciOiJIUzI1NiIsInR5cCI6IkpXVCJ9.eyJleHAiOjE3MTg5NjgyNTYsInN1YiI6IjcwIn0.MApxA4fvqdJ0nT54Lo-sKdl4hEPkNqXS_jHU-VP82w4', 'eyJhbGciOiJIUzI1NiIsInR5cCI6IkpXVCJ9.eyJleHAiOjE3MTk1NzEyNTYsInN1YiI6IjcwIn0.1l8HF1IzOZEKj1caFK-OO3fGl_aDju4z1qWFcfnyDAw', 1, '2024-06-21 17:40:56'),
(70, 'eyJhbGciOiJIUzI1NiIsInR5cCI6IkpXVCJ9.eyJleHAiOjE3MTg5NjgyNzYsInN1YiI6IjcwIn0.3ZCwiKxlDqS7vCQNoUyttRb_0FS1NKeBUfk0My1reVs', 'eyJhbGciOiJIUzI1NiIsInR5cCI6IkpXVCJ9.eyJleHAiOjE3MTk1NzEyNzYsInN1YiI6IjcwIn0.8zeHWOKSzS9k5yzZOjCctEV3zCj2D2Uifhq1CjDS1yY', 1, '2024-06-21 17:41:16'),
(70, 'eyJhbGciOiJIUzI1NiIsInR5cCI6IkpXVCJ9.eyJleHAiOjE3MTg5NjgyOTUsInN1YiI6IjcwIn0.xx_etjiH0Osmw2t8sQKql7iWRxWq3h9gGy3tHwZLRJE', 'eyJhbGciOiJIUzI1NiIsInR5cCI6IkpXVCJ9.eyJleHAiOjE3MTk1NzEyOTUsInN1YiI6IjcwIn0.Ibv6LK4ib3i33lzGTJDqHi5mI9Fx2CeeqIhIby6zv6s', 1, '2024-06-21 17:41:35'),
(65, 'eyJhbGciOiJIUzI1NiIsInR5cCI6IkpXVCJ9.eyJleHAiOjE3MTg5NjI2OTMsInN1YiI6IjY1In0.yPFPywMhH52-x7N74j5u_0SwegTu5omFFskz5yH7gx8', 'eyJhbGciOiJIUzI1NiIsInR5cCI6IkpXVCJ9.eyJleHAiOjE3MTk1NjU2OTMsInN1YiI6IjY1In0.iL8lBtEtIgsxWwikc9QUTcMnzIhzNoLA3lzgANeycCQ', 1, '2024-06-21 16:08:13'),
(65, 'eyJhbGciOiJIUzI1NiIsInR5cCI6IkpXVCJ9.eyJleHAiOjE3MTg5NjIxMTUsInN1YiI6IjY1In0.F-JE-TQnCrViPwoRfawF5liBIwZvxjZcGLvOIB9U-Sg', 'eyJhbGciOiJIUzI1NiIsInR5cCI6IkpXVCJ9.eyJleHAiOjE3MTk1NjUxMTUsInN1YiI6IjY1In0.Nn6y2aq6CLFVtzJqMg7f5fBIeL7P22dlnR46gXd9s9I', 1, '2024-06-21 15:58:35'),
(65, 'eyJhbGciOiJIUzI1NiIsInR5cCI6IkpXVCJ9.eyJleHAiOjE3MTg5NjIyMzgsInN1YiI6IjY1In0.e7dFTDXLK3jPzFxYk1QmdcwNiVjX-enmm-631pA_Sjg', 'eyJhbGciOiJIUzI1NiIsInR5cCI6IkpXVCJ9.eyJleHAiOjE3MTk1NjUyMzgsInN1YiI6IjY1In0.7i0WOaZfKHTowceC_KKV7wj9Zb5H6DtFLKFqtdfXsCA', 1, '2024-06-21 16:00:38'),
(70, 'eyJhbGciOiJIUzI1NiIsInR5cCI6IkpXVCJ9.eyJleHAiOjE3MTg5Njk2MDgsInN1YiI6IjcwIn0.TaKal6k_BWam2nWYQxIajO5JoveYwQgc-tb6tu8pteQ', 'eyJhbGciOiJIUzI1NiIsInR5cCI6IkpXVCJ9.eyJleHAiOjE3MTk1NzI2MDgsInN1YiI6IjcwIn0.hBZVg1n0j_iPn0fndtQ52DNUlpQVz8Yn-j2_pdtCQUY', 1, '2024-06-21 18:03:28'),
(70, 'eyJhbGciOiJIUzI1NiIsInR5cCI6IkpXVCJ9.eyJleHAiOjE3MTg5Njk2OTgsInN1YiI6IjcwIn0.P_wRxko25sUT99yPuUPfp30YCn9vBTaVT-2i6C2vH9g', 'eyJhbGciOiJIUzI1NiIsInR5cCI6IkpXVCJ9.eyJleHAiOjE3MTk1NzI2OTgsInN1YiI6IjcwIn0.HxSOhDnfeSBYMQaQfEZq7LQPITWupPIg8zVjCf5vWf0', 1, '2024-06-21 18:04:58'),
(70, 'eyJhbGciOiJIUzI1NiIsInR5cCI6IkpXVCJ9.eyJleHAiOjE3MTg5Njk3NzIsInN1YiI6IjcwIn0.SSDtFqIyNSfXrSQ0aHIsY45HKAwHLgWtGmlSYSSs2Ms', 'eyJhbGciOiJIUzI1NiIsInR5cCI6IkpXVCJ9.eyJleHAiOjE3MTk1NzI3NzIsInN1YiI6IjcwIn0.KxGkaAtO3H4RZthkIIDEf61g8b_PFtkvZ5XdOF0gSDU', 1, '2024-06-21 18:06:12'),
(70, 'eyJhbGciOiJIUzI1NiIsInR5cCI6IkpXVCJ9.eyJleHAiOjE3MTg5Njk3OTgsInN1YiI6IjcwIn0.ad4tFlgf_rPE9BRBiwAxur_3mjKuWNAYHc6SAA9J_ic', 'eyJhbGciOiJIUzI1NiIsInR5cCI6IkpXVCJ9.eyJleHAiOjE3MTk1NzI3OTgsInN1YiI6IjcwIn0.BMKd8pVRrx0irscFQQx3GESRrJJWAWcMaJIceuziPLQ', 1, '2024-06-21 18:06:38'),
(70, 'eyJhbGciOiJIUzI1NiIsInR5cCI6IkpXVCJ9.eyJleHAiOjE3MTg5Njk4MTcsInN1YiI6IjcwIn0.76MLydqwndmLO9ZIXISyf1voF0eKaanrFchaE60sQ_4', 'eyJhbGciOiJIUzI1NiIsInR5cCI6IkpXVCJ9.eyJleHAiOjE3MTk1NzI4MTcsInN1YiI6IjcwIn0.s6bUCOWKWfOBODxXstQ_3a03UeZO5LqeQ9Exkkyv-e8', 1, '2024-06-21 18:06:57'),
(70, 'eyJhbGciOiJIUzI1NiIsInR5cCI6IkpXVCJ9.eyJleHAiOjE3MTg5Njk4NTQsInN1YiI6IjcwIn0.7tVhOXQBeLlVWV2Q_AG9wBj6DXqQ2vFQET9W76ev46w', 'eyJhbGciOiJIUzI1NiIsInR5cCI6IkpXVCJ9.eyJleHAiOjE3MTk1NzI4NTQsInN1YiI6IjcwIn0.Q-T5pSkII6rpjKfDO2jDEz6AD6DuUZ271IgrVrrXdJ4', 1, '2024-06-21 18:07:34'),
(70, 'eyJhbGciOiJIUzI1NiIsInR5cCI6IkpXVCJ9.eyJleHAiOjE3MTg5Njk4OTEsInN1YiI6IjcwIn0.-hOjyII5NNdVQ8SOs3rforzj7FOa8BLputXRL31kGCk', 'eyJhbGciOiJIUzI1NiIsInR5cCI6IkpXVCJ9.eyJleHAiOjE3MTk1NzI4OTEsInN1YiI6IjcwIn0.2u3sScwf8q2Z_hjLkfEtPo3FSsGbdE6Ah06hrnVYI_k', 1, '2024-06-21 18:08:11'),
(70, 'eyJhbGciOiJIUzI1NiIsInR5cCI6IkpXVCJ9.eyJleHAiOjE3MTg5NjkxMTEsInN1YiI6IjcwIn0.S-TmJomjhKjLtDqUfSMWLPscEBpw96hop9jb6sleq3Q', 'eyJhbGciOiJIUzI1NiIsInR5cCI6IkpXVCJ9.eyJleHAiOjE3MTk1NzIxMTEsInN1YiI6IjcwIn0.Z8GrP0MAaAJEGfHLP8ay6S1y8oInPwyoudGrb4_ynuE', 1, '2024-06-21 17:55:11'),
(70, 'eyJhbGciOiJIUzI1NiIsInR5cCI6IkpXVCJ9.eyJleHAiOjE3MTg5NjkyNDAsInN1YiI6IjcwIn0.O5tav9kd-VSYNHs5xDo0fQsF8pxRKeQOU42uM36h0wQ', 'eyJhbGciOiJIUzI1NiIsInR5cCI6IkpXVCJ9.eyJleHAiOjE3MTk1NzIyNDAsInN1YiI6IjcwIn0.C2ne903E3FpmxJzxqwlKiG7dVdKFhRB02ENFXUdQFOA', 1, '2024-06-21 17:57:20'),
(65, 'eyJhbGciOiJIUzI1NiIsInR5cCI6IkpXVCJ9.eyJleHAiOjE3MTg5NjU3NzMsInN1YiI6IjY1In0.zYM7Wui3x0uoPY0yP5s9cNJ1gQUHTmpwvyHKVd9tq3Q', 'eyJhbGciOiJIUzI1NiIsInR5cCI6IkpXVCJ9.eyJleHAiOjE3MTk1Njg3NzMsInN1YiI6IjY1In0.5WbjMivaM5aampD6PYDDBgIakynV78ZMDniMsBO1iz4', 1, '2024-06-21 16:59:33'),
(70, 'eyJhbGciOiJIUzI1NiIsInR5cCI6IkpXVCJ9.eyJleHAiOjE3MTg5NjU3OTYsInN1YiI6IjcwIn0.G7phqgC9hEPKkEdKh7DXLV7g9AV8wFlkdtDGsvWO-w0', 'eyJhbGciOiJIUzI1NiIsInR5cCI6IkpXVCJ9.eyJleHAiOjE3MTk1Njg3OTYsInN1YiI6IjcwIn0.UQlnyE-se9HrNraupoKno_n8zTA5u4Px7UQZJ9TQ1Ro', 1, '2024-06-21 16:59:56'),
(70, 'eyJhbGciOiJIUzI1NiIsInR5cCI6IkpXVCJ9.eyJleHAiOjE3MTg5NjY1MDIsInN1YiI6IjcwIn0.YQOGRsVNmf_M03qyOydtSwo8-DDY8e7R2FxR268FaSA', 'eyJhbGciOiJIUzI1NiIsInR5cCI6IkpXVCJ9.eyJleHAiOjE3MTk1Njk1MDIsInN1YiI6IjcwIn0.HX4u2Yk7qOorZU6oRmNH4Y0Piw3MHcV1x6dw7jYNPRo', 1, '2024-06-21 17:11:42'),
(70, 'eyJhbGciOiJIUzI1NiIsInR5cCI6IkpXVCJ9.eyJleHAiOjE3MTg5NjY2NzYsInN1YiI6IjcwIn0.S_p_5C7yITpzhv7mO0BWQ1u3_ehua3DpFiEWKmIeEH8', 'eyJhbGciOiJIUzI1NiIsInR5cCI6IkpXVCJ9.eyJleHAiOjE3MTk1Njk2NzYsInN1YiI6IjcwIn0.0R-3Z4K-5XJz_lH-_pTSLnoQkGtvJRDbeiCq7Ktxrj0', 1, '2024-06-21 17:14:36'),
(70, 'eyJhbGciOiJIUzI1NiIsInR5cCI6IkpXVCJ9.eyJleHAiOjE3MTg5NjY4NzAsInN1YiI6IjcwIn0.p6c2qhaSI1ZUvvYTO3oqfwUBNNqkT3e5s5WRrAuRx3U', 'eyJhbGciOiJIUzI1NiIsInR5cCI6IkpXVCJ9.eyJleHAiOjE3MTk1Njk4NzAsInN1YiI6IjcwIn0.H7-yRIHOzo3ZXEjTxusrxay1MCFPR_4pK37h853nIWM', 1, '2024-06-21 17:17:50'),
(65, 'eyJhbGciOiJIUzI1NiIsInR5cCI6IkpXVCJ9.eyJleHAiOjE3MTg5NTc1MDEsInN1YiI6IjY1In0.Gj0ZNHfIjWzGKOuF3APnFreEZU1jmRw7LXK2PkQ9KIw', 'eyJhbGciOiJIUzI1NiIsInR5cCI6IkpXVCJ9.eyJleHAiOjE3MTk1NjA1MDEsInN1YiI6IjY1In0.A3tczmo_Kc0S3poVXRMKzHXA0zlG9umCsRqMLPnxRe0', 1, '2024-06-21 14:41:41'),
(65, 'eyJhbGciOiJIUzI1NiIsInR5cCI6IkpXVCJ9.eyJleHAiOjE3MTg5NTc1MjQsInN1YiI6IjY1In0.wXUU0HU6D16aN-OpHJSPKJnd65LcJqtopdbxc3LDNdg', 'eyJhbGciOiJIUzI1NiIsInR5cCI6IkpXVCJ9.eyJleHAiOjE3MTk1NjA1MjQsInN1YiI6IjY1In0.twhYwVQUd8QQRR86kLA_1PQod5id1Xg3xEeCTFL_sIg', 1, '2024-06-21 14:42:04'),
(65, 'eyJhbGciOiJIUzI1NiIsInR5cCI6IkpXVCJ9.eyJleHAiOjE3MTg5NTc3ODQsInN1YiI6IjY1In0.NHU49PMxnlE_V1jpKxJE2vRMkx8Nun2kTrxaPa4o2AA', 'eyJhbGciOiJIUzI1NiIsInR5cCI6IkpXVCJ9.eyJleHAiOjE3MTk1NjA3ODQsInN1YiI6IjY1In0.A9MBCliPTE9ZXxvW1ccr7ldgUd1rDJJwKoM2Xgm4jZ8', 1, '2024-06-21 14:46:24'),
(65, 'eyJhbGciOiJIUzI1NiIsInR5cCI6IkpXVCJ9.eyJleHAiOjE3MTg5NTcxMjAsInN1YiI6IjY1In0.XyNQGcQllftYcknuZ8C-6KoxnXQ3tTFMm0N-rOzdTvQ', 'eyJhbGciOiJIUzI1NiIsInR5cCI6IkpXVCJ9.eyJleHAiOjE3MTk1NjAxMjAsInN1YiI6IjY1In0.OkvRjDlS_KkR4mkBTdHhaowdYCOT_xyc4NhPMwukCxQ', 1, '2024-06-21 14:35:20'),
(65, 'eyJhbGciOiJIUzI1NiIsInR5cCI6IkpXVCJ9.eyJleHAiOjE3MTg5NTczMjgsInN1YiI6IjY1In0.h1eRigu7GHJV8SudYJEpfT3SzhsD3sS4v5KVmraf3Xk', 'eyJhbGciOiJIUzI1NiIsInR5cCI6IkpXVCJ9.eyJleHAiOjE3MTk1NjAzMjgsInN1YiI6IjY1In0.kCSUn7Kqdtu9bX0l8zYwkXQFUkc-SXCOJOibRPI2Wp0', 1, '2024-06-21 14:38:48'),
(65, 'eyJhbGciOiJIUzI1NiIsInR5cCI6IkpXVCJ9.eyJleHAiOjE3MTg5NTg0NzgsInN1YiI6IjY1In0.nowanHHWn5-Lr1WbWfajExWRVQRC1lH8Uz5kDYNWf8s', 'eyJhbGciOiJIUzI1NiIsInR5cCI6IkpXVCJ9.eyJleHAiOjE3MTk1NjE0NzgsInN1YiI6IjY1In0.pF1mQo8FBbo70XnMSUljeYEjXm5mjwUeiFVVGD80pv8', 1, '2024-06-21 14:57:58'),
(65, 'eyJhbGciOiJIUzI1NiIsInR5cCI6IkpXVCJ9.eyJleHAiOjE3MTg5NTg3MDksInN1YiI6IjY1In0.4-rsvDU955vGHBzosyfNIUEqcFnN6X0I14PF8Ye6l3M', 'eyJhbGciOiJIUzI1NiIsInR5cCI6IkpXVCJ9.eyJleHAiOjE3MTk1NjE3MDksInN1YiI6IjY1In0.lXtBQwKwvONFkyYquJHPEhNt3VVR8e4bnHzTHkHdKYw', 1, '2024-06-21 15:01:49'),
(65, 'eyJhbGciOiJIUzI1NiIsInR5cCI6IkpXVCJ9.eyJleHAiOjE3MTg5NTgyMzYsInN1YiI6IjY1In0.fUu7XmPZ8Mvx83dKC9gv-w0USyRx9prD9w3Kf0CKnCU', 'eyJhbGciOiJIUzI1NiIsInR5cCI6IkpXVCJ9.eyJleHAiOjE3MTk1NjEyMzYsInN1YiI6IjY1In0.v8LOfdioGunBlpIKxT_re56k-ZhSWw1MgeXUuk5zOZk', 1, '2024-06-21 14:53:56'),
(65, 'eyJhbGciOiJIUzI1NiIsInR5cCI6IkpXVCJ9.eyJleHAiOjE3MTg5NTgyODcsInN1YiI6IjY1In0.sJmvEEdnBgjUyP2nSKW1kPPL-AR6OcFz7diSzlr0Xlg', 'eyJhbGciOiJIUzI1NiIsInR5cCI6IkpXVCJ9.eyJleHAiOjE3MTk1NjEyODcsInN1YiI6IjY1In0.t8rb1oGQPQ9gJHs6oLS8Lxbof2zbIokUmvv4YdvhVjw', 1, '2024-06-21 14:54:47'),
(65, 'eyJhbGciOiJIUzI1NiIsInR5cCI6IkpXVCJ9.eyJleHAiOjE3MTg5NTgzMjAsInN1YiI6IjY1In0.lVkxOglIqS9yTSzmM07exSqiP66Fnm8XsExJFxlVZQU', 'eyJhbGciOiJIUzI1NiIsInR5cCI6IkpXVCJ9.eyJleHAiOjE3MTk1NjEzMjAsInN1YiI6IjY1In0.1Dej3rKswlshqC_-YMxvLI9w-bendu6nuJScvr7M5Gg', 1, '2024-06-21 14:55:20'),
(65, 'eyJhbGciOiJIUzI1NiIsInR5cCI6IkpXVCJ9.eyJleHAiOjE3MTg5NTgzOTYsInN1YiI6IjY1In0.G3RARr-w5T8pcadYhsa-v3ZOGbLvT3pWsUF7Y2CRsuU', 'eyJhbGciOiJIUzI1NiIsInR5cCI6IkpXVCJ9.eyJleHAiOjE3MTk1NjEzOTYsInN1YiI6IjY1In0.41Krqip1UVrroilVbG8qfHuRnj6AOQIuitxT8468CBM', 1, '2024-06-21 14:56:36'),
(65, 'eyJhbGciOiJIUzI1NiIsInR5cCI6IkpXVCJ9.eyJleHAiOjE3MTg5NTk3NDQsInN1YiI6IjY1In0.X_XMZHHdjRzkvrOV2rmfyvISUN1gWYbJoBGVQI91J_g', 'eyJhbGciOiJIUzI1NiIsInR5cCI6IkpXVCJ9.eyJleHAiOjE3MTk1NjI3NDQsInN1YiI6IjY1In0.2O1iO7ND8LKRKD1-0oZRxHBlZ6rTMjWmhrq2C1HDuDk', 1, '2024-06-21 15:19:04'),
(65, 'eyJhbGciOiJIUzI1NiIsInR5cCI6IkpXVCJ9.eyJleHAiOjE3MTg5NTkwNjIsInN1YiI6IjY1In0.k6GMDexZWwuoFbxQsM81u2nZ-o0WsBJCFeN4VAlps7M', 'eyJhbGciOiJIUzI1NiIsInR5cCI6IkpXVCJ9.eyJleHAiOjE3MTk1NjIwNjIsInN1YiI6IjY1In0.Oa9BGOBxd9CAmSQ--miDiq5NJ26XYeG7L-o0YZKGOsY', 1, '2024-06-21 15:07:42'),
(65, 'eyJhbGciOiJIUzI1NiIsInR5cCI6IkpXVCJ9.eyJleHAiOjE3MTg5NTkyODMsInN1YiI6IjY1In0.mViJyZQq27k2FjgItjDfSZJxdwaOfzIYNHmOjarNRKE', 'eyJhbGciOiJIUzI1NiIsInR5cCI6IkpXVCJ9.eyJleHAiOjE3MTk1NjIyODMsInN1YiI6IjY1In0.3ATJtygl7yWcnUrN2csAZI_0-d6hIsspuSi8RvANQfc', 1, '2024-06-21 15:11:23'),
(65, 'eyJhbGciOiJIUzI1NiIsInR5cCI6IkpXVCJ9.eyJleHAiOjE3MTg5NTY0NTcsInN1YiI6IjY1In0.v-4imxMztr7Q59VOrHANIztuhh_9V-Hi-U_r97Q7sUI', 'eyJhbGciOiJIUzI1NiIsInR5cCI6IkpXVCJ9.eyJleHAiOjE3MTk1NTk0NTcsInN1YiI6IjY1In0.2U3TWHqiUQpOA4uU2ba4peou2x3DCDYTOVa8y4wH2eI', 1, '2024-06-21 14:24:17'),
(65, 'eyJhbGciOiJIUzI1NiIsInR5cCI6IkpXVCJ9.eyJleHAiOjE3MTg5NTY4MzUsInN1YiI6IjY1In0.60SK2kaZ4HEw2sh7cP_Peq00OBXNJjvzePPiE8QFq8U', 'eyJhbGciOiJIUzI1NiIsInR5cCI6IkpXVCJ9.eyJleHAiOjE3MTk1NTk4MzUsInN1YiI6IjY1In0.GK69VYJCIz10iKm-xhKIiApQAe_l52hIBIorrhKBt4M', 1, '2024-06-21 14:30:35'),
(65, 'eyJhbGciOiJIUzI1NiIsInR5cCI6IkpXVCJ9.eyJleHAiOjE3MTg5NTYzODYsInN1YiI6IjY1In0.Pexao9ZhMAXO4ShPoe7E_-0iROC8qbo83yqnvtwPQDc', 'eyJhbGciOiJIUzI1NiIsInR5cCI6IkpXVCJ9.eyJleHAiOjE3MTk1NTkzODYsInN1YiI6IjY1In0.LYlDFXaz8sHfgu_j_zLdAW0b_Hxesjx6HvvwSluCAI0', 1, '2024-06-21 14:23:06'),
(70, 'eyJhbGciOiJIUzI1NiIsInR5cCI6IkpXVCJ9.eyJleHAiOjE3MTg5NzA1NDEsInN1YiI6IjcwIn0.zIMtqQpSKftpuBNVeIjJY8qhJAy2YR8R3tTxHBBvxcE', 'eyJhbGciOiJIUzI1NiIsInR5cCI6IkpXVCJ9.eyJleHAiOjE3MTk1NzM1NDEsInN1YiI6IjcwIn0.nRRygXlILoNiazIejoNKwax_x9bpxVeqt2yUQ6ihx6U', 1, '2024-06-21 18:19:01'),
(70, 'eyJhbGciOiJIUzI1NiIsInR5cCI6IkpXVCJ9.eyJleHAiOjE3MTg5NzA1OTQsInN1YiI6IjcwIn0.UJuNrNWLBOfyHBr6H56vKUSQ0eBfRK4HkkeCMsRK6eg', 'eyJhbGciOiJIUzI1NiIsInR5cCI6IkpXVCJ9.eyJleHAiOjE3MTk1NzM1OTQsInN1YiI6IjcwIn0.HtApVq76CNagxzYOQaplSN4HczbnD54uWrBWug4G4gc', 1, '2024-06-21 18:19:54'),
(70, 'eyJhbGciOiJIUzI1NiIsInR5cCI6IkpXVCJ9.eyJleHAiOjE3MTg5NzA3MjgsInN1YiI6IjcwIn0.0ugCwjgEp3eoIo1qJQRYXj1yz3KiBptq8DU04c7EK9E', 'eyJhbGciOiJIUzI1NiIsInR5cCI6IkpXVCJ9.eyJleHAiOjE3MTk1NzM3MjgsInN1YiI6IjcwIn0.v4TmaoNQsPHeDaTRLIOsPvGEakHNUWaicc6-cxGS7Ys', 1, '2024-06-21 18:22:08'),
(70, 'eyJhbGciOiJIUzI1NiIsInR5cCI6IkpXVCJ9.eyJleHAiOjE3MTg5NzA4MTcsInN1YiI6IjcwIn0.YDfZLRq_Ht4GMqaLzkvJbEZ4L_YOnYfG8u8-0Vyu9UY', 'eyJhbGciOiJIUzI1NiIsInR5cCI6IkpXVCJ9.eyJleHAiOjE3MTk1NzM4MTcsInN1YiI6IjcwIn0.5fMMbDWnj_QrJnhU_sToFIEBaLiZ26U5PbL-hWceO_w', 1, '2024-06-21 18:23:37'),
(70, 'eyJhbGciOiJIUzI1NiIsInR5cCI6IkpXVCJ9.eyJleHAiOjE3MTg5NzAyNTksInN1YiI6IjcwIn0.sGmsJ2mj9hxcpUDFYEM9lrTuYjd8Hb-JbOhuJ9k5Skc', 'eyJhbGciOiJIUzI1NiIsInR5cCI6IkpXVCJ9.eyJleHAiOjE3MTk1NzMyNTksInN1YiI6IjcwIn0.6Y9jDmpw3PjfaSlSKYWTcBvDGZJo3poyrHGF3CrKPkk', 1, '2024-06-21 18:14:19'),
(70, 'eyJhbGciOiJIUzI1NiIsInR5cCI6IkpXVCJ9.eyJleHAiOjE3MTg5NzAzMjYsInN1YiI6IjcwIn0.VsJUQ3-AGWLlVYJZVTZ-1AeBT-sRyu5FnKQ8HwYkWc4', 'eyJhbGciOiJIUzI1NiIsInR5cCI6IkpXVCJ9.eyJleHAiOjE3MTk1NzMzMjYsInN1YiI6IjcwIn0.6MaUwIe-U7lM1h3vRALy4SR3l8DtYlWpubw0YOrLmhc', 1, '2024-06-21 18:15:26'),
(70, 'eyJhbGciOiJIUzI1NiIsInR5cCI6IkpXVCJ9.eyJleHAiOjE3MTg5NzE2MDYsInN1YiI6IjcwIn0.JjFfY47f0BWmhxRt4SZXl5Z3myeM28IMp8wXnOert3U', 'eyJhbGciOiJIUzI1NiIsInR5cCI6IkpXVCJ9.eyJleHAiOjE3MTk1NzQ2MDYsInN1YiI6IjcwIn0.Rj9J1KqjSSYeXTNtBjaR44EaOr1SsbOmMhq96184g2c', 1, '2024-06-21 18:36:46'),
(70, 'eyJhbGciOiJIUzI1NiIsInR5cCI6IkpXVCJ9.eyJleHAiOjE3MTg5NzE5MDYsInN1YiI6IjcwIn0.GRj7utVtWGs0io54q1Uk12PSfZnJ5aWnPgUWvAx_xYo', 'eyJhbGciOiJIUzI1NiIsInR5cCI6IkpXVCJ9.eyJleHAiOjE3MTk1NzQ5MDYsInN1YiI6IjcwIn0.K9Uo6l8JG7nAH-TjLoqDyEofcLQH6ruGADGnZFEFUcQ', 1, '2024-06-21 18:41:46'),
(70, 'eyJhbGciOiJIUzI1NiIsInR5cCI6IkpXVCJ9.eyJleHAiOjE3MTg5Nzg0MDQsInN1YiI6IjcwIn0.24ytbNV91eI3wEIRcIx6NBCIbgpYL5Q6M55NjX3ZezY', 'eyJhbGciOiJIUzI1NiIsInR5cCI6IkpXVCJ9.eyJleHAiOjE3MTk1ODE0MDQsInN1YiI6IjcwIn0.pYI5a9WU-PI_QvkQgKGgEEdKcI-LT6nvUsHZLoK5wqY', 1, '2024-06-21 20:30:04'),
(70, 'eyJhbGciOiJIUzI1NiIsInR5cCI6IkpXVCJ9.eyJleHAiOjE3MTg5NzgxMjIsInN1YiI6IjcwIn0.u26gRh0RhajzV6xFJCcGJ3XMzxzb-OqXArRMxFtFBd8', 'eyJhbGciOiJIUzI1NiIsInR5cCI6IkpXVCJ9.eyJleHAiOjE3MTk1ODExMjIsInN1YiI6IjcwIn0.uBuux0r06knfxjuLf8xIDBa-CMmEnB-zIK74NarZH-E', 1, '2024-06-21 20:25:22'),
(70, 'eyJhbGciOiJIUzI1NiIsInR5cCI6IkpXVCJ9.eyJleHAiOjE3MTg5NzgyNDAsInN1YiI6IjcwIn0.8ENO5P_O5629Dot8DkM55c4ZzIrNSBNMhbixif-c0Sc', 'eyJhbGciOiJIUzI1NiIsInR5cCI6IkpXVCJ9.eyJleHAiOjE3MTk1ODEyNDAsInN1YiI6IjcwIn0.k4tFm8iuHQh0-GWmPTeSSBP2RHMUZ7krjFVn_mdoJC8', 1, '2024-06-21 20:27:20'),
(70, 'eyJhbGciOiJIUzI1NiIsInR5cCI6IkpXVCJ9.eyJleHAiOjE3MTg5NzgyODgsInN1YiI6IjcwIn0.DFjxZacFtFQns-MjbA86EmQDQx5TkRZn323aiDZ344w', 'eyJhbGciOiJIUzI1NiIsInR5cCI6IkpXVCJ9.eyJleHAiOjE3MTk1ODEyODgsInN1YiI6IjcwIn0.1nsXKjcIYEs2q1fbJQo-U9fUckcooNqWuxMOdYteiOs', 1, '2024-06-21 20:28:08'),
(70, 'eyJhbGciOiJIUzI1NiIsInR5cCI6IkpXVCJ9.eyJleHAiOjE3MTg5NzgzMTcsInN1YiI6IjcwIn0.CSKLRw2mtCxJ-_4tm5iWOk7N2cwNevpkKmRnUkTkqjM', 'eyJhbGciOiJIUzI1NiIsInR5cCI6IkpXVCJ9.eyJleHAiOjE3MTk1ODEzMTcsInN1YiI6IjcwIn0.BPTH187IIGxU078rzi_CmtnVxoSXyo1xh7Y8_pScJko', 1, '2024-06-21 20:28:37'),
(70, 'eyJhbGciOiJIUzI1NiIsInR5cCI6IkpXVCJ9.eyJleHAiOjE3MTg5NzgzNTUsInN1YiI6IjcwIn0.r9KaCJmmAiB_iHUnkyrNNbaSRoU_nmivCWGaHyjUb9E', 'eyJhbGciOiJIUzI1NiIsInR5cCI6IkpXVCJ9.eyJleHAiOjE3MTk1ODEzNTUsInN1YiI6IjcwIn0.HIFRAstMbkkBL2j0AnyFdyJGOLnZ7COxa8WsBxrYn3A', 1, '2024-06-21 20:29:15'),
(70, 'eyJhbGciOiJIUzI1NiIsInR5cCI6IkpXVCJ9.eyJleHAiOjE3MTg5NzgzODQsInN1YiI6IjcwIn0.d-uFrperc5GBYwpQnZ3h18DNkOVFM_cbryunzZvW4oE', 'eyJhbGciOiJIUzI1NiIsInR5cCI6IkpXVCJ9.eyJleHAiOjE3MTk1ODEzODQsInN1YiI6IjcwIn0.pMHV1EN_zvSblT04bNNoOzOt0okrbKe6KYPszAIMOIo', 1, '2024-06-21 20:29:44'),
(70, 'eyJhbGciOiJIUzI1NiIsInR5cCI6IkpXVCJ9.eyJleHAiOjE3MTg5NzIyMjYsInN1YiI6IjcwIn0.Z3DyYK_n0vvgWAb0FRVK4X7IIIH43MOWUCdAfAK7EOo', 'eyJhbGciOiJIUzI1NiIsInR5cCI6IkpXVCJ9.eyJleHAiOjE3MTk1NzUyMjYsInN1YiI6IjcwIn0.j3l-xp4LrxzO92DTBRFH9XqkCZyPqZ84GR7KDrw0dKI', 1, '2024-06-21 18:47:06'),
(70, 'eyJhbGciOiJIUzI1NiIsInR5cCI6IkpXVCJ9.eyJleHAiOjE3MTg5NzIzNDgsInN1YiI6IjcwIn0.kI2M7C2grUPZeh_PT2mN_MbsM1sIs6fM0R2ofvb3EtQ', 'eyJhbGciOiJIUzI1NiIsInR5cCI6IkpXVCJ9.eyJleHAiOjE3MTk1NzUzNDgsInN1YiI6IjcwIn0.JazfDzj1e0Pu1AYHjozJHWiLfncAyofMTKygk5M442s', 1, '2024-06-21 18:49:08'),
(70, 'eyJhbGciOiJIUzI1NiIsInR5cCI6IkpXVCJ9.eyJleHAiOjE3MTg5Nzk2NTIsInN1YiI6IjcwIn0.UasRTz0qpFm1xPKhbzqzi1ekD_R5alZrkTrFAR1MjT4', 'eyJhbGciOiJIUzI1NiIsInR5cCI6IkpXVCJ9.eyJleHAiOjE3MTk1ODI2NTIsInN1YiI6IjcwIn0.NuPMWK0PoF5iT4xJe9x53P-jcezd_yeoHEMbuKQerxA', 1, '2024-06-21 20:50:52'),
(70, 'eyJhbGciOiJIUzI1NiIsInR5cCI6IkpXVCJ9.eyJleHAiOjE3MTg5Nzk3NjIsInN1YiI6IjcwIn0.zD4nySvFJuHuilDXkYC2cQmFld4psg5n9dATUVvqcHc', 'eyJhbGciOiJIUzI1NiIsInR5cCI6IkpXVCJ9.eyJleHAiOjE3MTk1ODI3NjIsInN1YiI6IjcwIn0.s1M3N21v50PxWhVLLL0sy6d9mq_3OwvWp1mgNGqDBAA', 1, '2024-06-21 20:52:42'),
(70, 'eyJhbGciOiJIUzI1NiIsInR5cCI6IkpXVCJ9.eyJleHAiOjE3MTg5ODE1NzIsInN1YiI6IjcwIn0.ppL47pQad8YQdERIi0K4IazbvfnfbT7F6wBivmUN40A', 'eyJhbGciOiJIUzI1NiIsInR5cCI6IkpXVCJ9.eyJleHAiOjE3MTk1ODQ1NzIsInN1YiI6IjcwIn0.0-Jy9Ow2q83X3KAaNOqOCH6-kxTKeK7P81XqKsRYwJ4', 1, '2024-06-21 21:22:52'),
(70, 'eyJhbGciOiJIUzI1NiIsInR5cCI6IkpXVCJ9.eyJleHAiOjE3MTg5ODEyODgsInN1YiI6IjcwIn0.2jQe_tLfxPq2sK-wRMwCvMaoPRb21OGzlD2yJZ_qf5c', 'eyJhbGciOiJIUzI1NiIsInR5cCI6IkpXVCJ9.eyJleHAiOjE3MTk1ODQyODgsInN1YiI6IjcwIn0.-qm7B5biJ3JqdD0mxLtm_N8DbVM7ktbddcoV4mwzeIw', 1, '2024-06-21 21:18:08'),
(70, 'eyJhbGciOiJIUzI1NiIsInR5cCI6IkpXVCJ9.eyJleHAiOjE3MTg5ODEzMzgsInN1YiI6IjcwIn0.5IKW-9e8EdBKWrZfbXcazba_iLP0lzQWmZWrObO9V6U', 'eyJhbGciOiJIUzI1NiIsInR5cCI6IkpXVCJ9.eyJleHAiOjE3MTk1ODQzMzgsInN1YiI6IjcwIn0.i7rT2BqmAGXhKerBJUOjnsZrW4Euf_3nFNcQs9m6OQY', 1, '2024-06-21 21:18:58'),
(70, 'eyJhbGciOiJIUzI1NiIsInR5cCI6IkpXVCJ9.eyJleHAiOjE3MTg5ODI3MDAsInN1YiI6IjcwIn0.DcaoFbD7sY2I_hT8TkjKBXrP-p9wBt3tw9EdIDBOklw', 'eyJhbGciOiJIUzI1NiIsInR5cCI6IkpXVCJ9.eyJleHAiOjE3MTk1ODU3MDAsInN1YiI6IjcwIn0.Imr-54vUKvHYTtw-Ocv2zVMKEbxkUP4EgpjEghdyrps', 1, '2024-06-21 21:41:40'),
(70, 'eyJhbGciOiJIUzI1NiIsInR5cCI6IkpXVCJ9.eyJleHAiOjE3MTg5ODIyODAsInN1YiI6IjcwIn0.9vftL4EhDrybimhmaToGjAO69eum30D-SqCmUcfD-ik', 'eyJhbGciOiJIUzI1NiIsInR5cCI6IkpXVCJ9.eyJleHAiOjE3MTk1ODUyODAsInN1YiI6IjcwIn0.3TqQTa12kcNKnKtY7Zh_yRZQY9z2XX3-9lkjt45O6R0', 1, '2024-06-21 21:34:40'),
(65, 'eyJhbGciOiJIUzI1NiIsInR5cCI6IkpXVCJ9.eyJleHAiOjE3MTgwOTc1MjYsInN1YiI6IjY1In0.CrMxyrQPF2BnE8ObHSYytrY2CeI2zacRz5RsrnYfNTw', 'eyJhbGciOiJIUzI1NiIsInR5cCI6IkpXVCJ9.eyJleHAiOjE3MTg3MDA1MjYsInN1YiI6IjY1In0.u4YaLRl-xqbagwImNPxgzYgxAOVIMd9X6bCvcye_7Sc', 1, '2024-06-11 15:48:46'),
(65, 'eyJhbGciOiJIUzI1NiIsInR5cCI6IkpXVCJ9.eyJleHAiOjE3MTgyODQ2MzQsInN1YiI6IjY1In0.WeBZpkKWXzN3luCyyLvM4H6bUDKPucI3uqSoMhvvUNc', 'eyJhbGciOiJIUzI1NiIsInR5cCI6IkpXVCJ9.eyJleHAiOjE3MTg4ODc2MzQsInN1YiI6IjY1In0.hDGr4z_NwvVO2xv4iVHJPxA2gp3gfqcY12E3RRpWmnM', 1, '2024-06-13 19:47:14');

-- --------------------------------------------------------

--
-- Struktur dari tabel `users`
--

CREATE TABLE `users` (
  `id` int(11) NOT NULL,
  `username` varchar(255) NOT NULL,
  `password` varchar(255) NOT NULL,
  `create_at` timestamp NOT NULL DEFAULT current_timestamp(),
  `update_at` timestamp NOT NULL DEFAULT current_timestamp() ON UPDATE current_timestamp(),
  `fullname` varchar(100) DEFAULT NULL,
  `contact` varchar(20) DEFAULT NULL,
  `gender` enum('Pria','Wanita') DEFAULT NULL,
  `address` text DEFAULT NULL,
  `photo_url` text DEFAULT NULL
) ENGINE=InnoDB DEFAULT CHARSET=utf8mb4 COLLATE=utf8mb4_general_ci;

--
-- Dumping data untuk tabel `users`
--

INSERT INTO `users` (`id`, `username`, `password`, `create_at`, `update_at`, `fullname`, `contact`, `gender`, `address`, `photo_url`) VALUES
(65, 'string', '$2b$12$.qvG6P8qP5/03uwSb1uUNenTUE4w0X5ZcA6LYIoXpE0vblaClkkoS', '2024-06-11 08:47:22', '2024-06-11 08:47:22', 'string', 'string', NULL, '', ''),
(66, 'test', '$2b$12$5c/bKRPrY6J33fS8Xf83Ie0J6wEkXhmREofN5k7Xsl9DuomMYGyEq', '2024-06-20 12:55:56', '2024-06-20 12:55:56', 'string', 'string', NULL, '', ''),
(67, 'coba', '$2b$12$U89h3waRMpYWw2WOK.3n7.keEsprEYPR1fknSslxOrbAVxe7PFmZu', '2024-06-20 13:06:30', '2024-06-20 13:06:30', 'coba', 'coba', NULL, '', ''),
(69, 'yju', '$2b$12$bNaoCufGO1Wn/RPbmwhy1..LisnlOXBJPHvzTUuooN8GlcTX4M5zm', '2024-06-20 13:11:22', '2024-06-20 13:11:22', 'yy', '123245', NULL, '', ''),
(70, '123', '$2b$12$5vrQZz39Cij3RvTrUjIPPetwmb6Uuu3hYqzlrHo5djGyUNHbK8YLC', '2024-06-21 09:59:48', '2024-06-21 14:43:16', 'Dodi', '08123123', 'Wanita', 'Batam, Indonesia', '/uploads/profile_photos/Toyota-Kijang-Kapsul.jpg'),
(71, 'qwe', '$2b$12$FGIgUGQhqa2bqfb34QFHqeRb8AhEaD/vCdqmLb6H32g5LEXQmsRxy', '2024-06-21 14:33:56', '2024-06-21 14:33:56', 'qweqwe', '0812312312', NULL, NULL, NULL);

-- --------------------------------------------------------

--
-- Struktur dari tabel `vendors`
--

CREATE TABLE `vendors` (
  `vendor_id` int(11) NOT NULL,
  `vendor_name` varchar(100) NOT NULL,
  `email` varchar(100) NOT NULL,
  `created_at` timestamp NOT NULL DEFAULT current_timestamp()
) ENGINE=InnoDB DEFAULT CHARSET=utf8mb4 COLLATE=utf8mb4_general_ci;

--
-- Dumping data untuk tabel `vendors`
--

INSERT INTO `vendors` (`vendor_id`, `vendor_name`, `email`, `created_at`) VALUES
(1, 'Minjemin Corp', 'minjem@gmail.com', '2024-06-20 09:22:05'),
(2, 'PT Pinjem Pinjem', 'pinjem@gmail.com', '2024-06-21 09:09:42');

--
-- Indexes for dumped tables
--

--
-- Indeks untuk tabel `items`
--
ALTER TABLE `items`
  ADD PRIMARY KEY (`item_id`),
  ADD KEY `vendor_id` (`vendor_id`);

--
-- Indeks untuk tabel `orders`
--
ALTER TABLE `orders`
  ADD PRIMARY KEY (`order_id`),
  ADD KEY `user_id` (`user_id`),
  ADD KEY `item_id` (`item_id`),
  ADD KEY `status_id` (`status_id`);

--
-- Indeks untuk tabel `order_status`
--
ALTER TABLE `order_status`
  ADD PRIMARY KEY (`status_id`);

--
-- Indeks untuk tabel `ratings`
--
ALTER TABLE `ratings`
  ADD PRIMARY KEY (`rating_id`),
  ADD KEY `order_id` (`order_id`),
  ADD KEY `user_id` (`user_id`),
  ADD KEY `item_id` (`item_id`);

--
-- Indeks untuk tabel `token`
--
ALTER TABLE `token`
  ADD PRIMARY KEY (`access_token`);

--
-- Indeks untuk tabel `users`
--
ALTER TABLE `users`
  ADD PRIMARY KEY (`id`);

--
-- Indeks untuk tabel `vendors`
--
ALTER TABLE `vendors`
  ADD PRIMARY KEY (`vendor_id`),
  ADD UNIQUE KEY `email` (`email`);

--
-- AUTO_INCREMENT untuk tabel yang dibuang
--

--
-- AUTO_INCREMENT untuk tabel `items`
--
ALTER TABLE `items`
  MODIFY `item_id` int(11) NOT NULL AUTO_INCREMENT, AUTO_INCREMENT=13;

--
-- AUTO_INCREMENT untuk tabel `orders`
--
ALTER TABLE `orders`
  MODIFY `order_id` int(11) NOT NULL AUTO_INCREMENT, AUTO_INCREMENT=17;

--
-- AUTO_INCREMENT untuk tabel `order_status`
--
ALTER TABLE `order_status`
  MODIFY `status_id` int(11) NOT NULL AUTO_INCREMENT, AUTO_INCREMENT=7;

--
-- AUTO_INCREMENT untuk tabel `ratings`
--
ALTER TABLE `ratings`
  MODIFY `rating_id` int(11) NOT NULL AUTO_INCREMENT, AUTO_INCREMENT=2;

--
-- AUTO_INCREMENT untuk tabel `users`
--
ALTER TABLE `users`
  MODIFY `id` int(11) NOT NULL AUTO_INCREMENT, AUTO_INCREMENT=74;

--
-- AUTO_INCREMENT untuk tabel `vendors`
--
ALTER TABLE `vendors`
  MODIFY `vendor_id` int(11) NOT NULL AUTO_INCREMENT, AUTO_INCREMENT=3;

--
-- Ketidakleluasaan untuk tabel pelimpahan (Dumped Tables)
--

--
-- Ketidakleluasaan untuk tabel `items`
--
ALTER TABLE `items`
  ADD CONSTRAINT `items_ibfk_1` FOREIGN KEY (`vendor_id`) REFERENCES `vendors` (`vendor_id`) ON DELETE CASCADE;

--
-- Ketidakleluasaan untuk tabel `orders`
--
ALTER TABLE `orders`
  ADD CONSTRAINT `orders_ibfk_1` FOREIGN KEY (`user_id`) REFERENCES `users` (`id`) ON DELETE CASCADE,
  ADD CONSTRAINT `orders_ibfk_2` FOREIGN KEY (`item_id`) REFERENCES `items` (`item_id`) ON DELETE CASCADE,
  ADD CONSTRAINT `orders_ibfk_3` FOREIGN KEY (`status_id`) REFERENCES `order_status` (`status_id`);

--
-- Ketidakleluasaan untuk tabel `ratings`
--
ALTER TABLE `ratings`
  ADD CONSTRAINT `ratings_ibfk_1` FOREIGN KEY (`order_id`) REFERENCES `orders` (`order_id`) ON DELETE CASCADE,
  ADD CONSTRAINT `ratings_ibfk_2` FOREIGN KEY (`user_id`) REFERENCES `users` (`id`) ON DELETE CASCADE,
  ADD CONSTRAINT `ratings_ibfk_3` FOREIGN KEY (`item_id`) REFERENCES `items` (`item_id`) ON DELETE CASCADE;
COMMIT;

/*!40101 SET CHARACTER_SET_CLIENT=@OLD_CHARACTER_SET_CLIENT */;
/*!40101 SET CHARACTER_SET_RESULTS=@OLD_CHARACTER_SET_RESULTS */;
/*!40101 SET COLLATION_CONNECTION=@OLD_COLLATION_CONNECTION */;
